-- MySQL dump 10.13  Distrib 8.1.0, for macos13 (x86_64)
--
-- Host: 127.0.0.1    Database: IP
-- ------------------------------------------------------
-- Server version	8.1.0

/*!40101 SET @OLD_CHARACTER_SET_CLIENT=@@CHARACTER_SET_CLIENT */;
/*!40101 SET @OLD_CHARACTER_SET_RESULTS=@@CHARACTER_SET_RESULTS */;
/*!40101 SET @OLD_COLLATION_CONNECTION=@@COLLATION_CONNECTION */;
/*!50503 SET NAMES utf8mb4 */;
/*!40103 SET @OLD_TIME_ZONE=@@TIME_ZONE */;
/*!40103 SET TIME_ZONE='+00:00' */;
/*!40014 SET @OLD_UNIQUE_CHECKS=@@UNIQUE_CHECKS, UNIQUE_CHECKS=0 */;
/*!40014 SET @OLD_FOREIGN_KEY_CHECKS=@@FOREIGN_KEY_CHECKS, FOREIGN_KEY_CHECKS=0 */;
/*!40101 SET @OLD_SQL_MODE=@@SQL_MODE, SQL_MODE='NO_AUTO_VALUE_ON_ZERO' */;
/*!40111 SET @OLD_SQL_NOTES=@@SQL_NOTES, SQL_NOTES=0 */;

--
-- Table structure for table `ai_chat_history`
--

DROP TABLE IF EXISTS `ai_chat_history`;
/*!40101 SET @saved_cs_client     = @@character_set_client */;
/*!50503 SET character_set_client = utf8mb4 */;
CREATE TABLE `ai_chat_history` (
  `id` int NOT NULL AUTO_INCREMENT,
  `user_id` int NOT NULL,
  `role` varchar(20) NOT NULL,
  `message` text NOT NULL,
  `timestamp` datetime DEFAULT CURRENT_TIMESTAMP,
  PRIMARY KEY (`id`),
  KEY `user_id` (`user_id`),
  CONSTRAINT `ai_chat_history_ibfk_1` FOREIGN KEY (`user_id`) REFERENCES `users` (`user_id`) ON DELETE CASCADE
) ENGINE=InnoDB AUTO_INCREMENT=35 DEFAULT CHARSET=utf8mb4 COLLATE=utf8mb4_0900_ai_ci;
/*!40101 SET character_set_client = @saved_cs_client */;

--
-- Dumping data for table `ai_chat_history`
--

LOCK TABLES `ai_chat_history` WRITE;
/*!40000 ALTER TABLE `ai_chat_history` DISABLE KEYS */;
INSERT INTO `ai_chat_history` VALUES (1,1,'user','你好','2025-06-26 14:05:35'),(2,1,'assistant','豆包回复解析失败: {\"choices\":[{\"finish_reason\":\"stop\",\"index\":0,\"logprobs\":null,\"message\":{\"content\":\"你好呀！有什么可以帮到你的吗？😊\",\"reasoning_content\":\"\\n用户现在说“你好”，我需要回应。首先，用户之前已经发过“你好”，现在又发了一次，可能是在测试或者正常的问候。我应该保持友好和自然的回应，回以“你好呀！有什么可以帮到你的吗？”这样既回应了问候，又主动提供帮助，符合助手的角色。需要注意语气亲切，不要太机械。嗯，就这样回复应该比较合适。\",\"role\":\"assistant\"}}],\"created\":1750917939,\"id\":\"021750917935911306b33caa68e77690337aa08b55c7daef76326\",\"model\":\"doubao-seed-1-6-250615\",\"service_tier\":\"default\",\"object\":\"chat.completion\",\"usage\":{\"completion_tokens\":112,\"prompt_tokens\":93,\"total_tokens\":205,\"prompt_tokens_details\":{\"cached_tokens\":0},\"completion_tokens_details\":{\"reasoning_tokens\":99}}}','2025-06-26 14:05:39'),(3,1,'user','你好','2025-06-26 14:16:17'),(4,1,'assistant','你好呀！看来今天我们的问候有点“默契连击”呢~ 是有什么想聊的，还是单纯想打个招呼呀？不管怎样，我都在这儿呢~ 😊','2025-06-26 14:16:25'),(5,1,'user','你好','2025-06-26 14:50:30'),(6,1,'assistant','哈哈，第三次“你好”啦！看来今天的打招呼仪式感拉满~ 是有什么特别的事情想聊，还是单纯想感受一下我的“在线状态”呀？不管怎样，我都在这儿随时待命哦~ 😊','2025-06-26 14:50:40'),(7,1,'user','很开心','2025-06-26 16:09:44'),(8,1,'user','很开心','2025-06-26 16:09:46'),(9,1,'assistant','哇，连续两次“很开心”，看来今天的快乐值已经爆表啦！🥳 是吃到了超好吃的东西？还是遇到了什么甜甜的小事？不管是什么，看到你这么开心，我也跟着嘴角上扬啦~ 快和我分享一下这份快乐吧！😊','2025-06-26 16:09:53'),(10,1,'assistant','哇！连续三次“很开心”，这快乐简直要溢出来啦！隔着屏幕都能感受到你闪闪发光的好心情～ 感觉我的心情都跟着明媚起来了✨ 是遇到什么超棒的事了吗？比如吃到了心心念念的美食？还是完成了一件小成就？好想听你分享这份快乐呀！😊','2025-06-26 16:09:57'),(11,1,'user','什么是IP创氪师？','2025-06-26 17:01:50'),(12,1,'assistant','“IP创氪师”并不是一个广泛熟知的标准化职业名称或行业术语，更像是结合“IP（知识产权/个人品牌）”“创新创造”与“商业价值变现”（“氪”可能谐音或关联“价值创造”“商业变现”等概念）的新兴概念或特定领域的职业方向。从字面和可能的行业语境推测，它可能指向**专注于IP打造、运营、商业化变现的创新型专业人才**，核心是通过创意和策略让IP产生持续的商业价值。\n\n\n### 可能的核心职责方向：  \n1. **IP孵化与打造**：  \n   - 挖掘有潜力的IP原型（如原创内容、个人特质、品牌故事等），通过内容策划（如文案、视频、设计）、形象塑造（如人设、视觉符号）等方式，将其打造成具有辨识度和吸引力的IP（例如网红博主、虚拟偶像、品牌IP等）。  \n\n2. **IP运营与传播**：  \n   - 制定IP的运营策略，包括内容更新、平台选择（如社交媒体、短视频、电商平台）、用户互动等，提升IP的曝光度和影响力，积累粉丝或用户群体。  \n\n3. **商业价值变现**：  \n   - 核心在于通过IP实现商业闭环，可能涉及广告合作、品牌联名、衍生品开发、知识付费、电商带货、IP授权等多种变现模式，强调“从创意到收益”的落地能力（“氪”可能隐含对商业价值、盈利变现的聚焦）。  \n\n4. **IP长期价值管理**：  \n   - 维护IP的口碑和生命周期，通过持续创新内容、拓展IP应用场景（如跨界合作、线下活动、影视化改编等），实现IP的长效运营和价值增值。  \n\n\n### 可能涉及的领域：  \n这类角色可能活跃在内容创作、新媒体、品牌营销、文创产业、互联网运营等领域，尤其在当下自媒体、短视频、虚拟经济、知识付费等行业快速发展的背景下，类似“IP创氪师”的职能需求逐渐凸显。他们需要兼具**创意策划能力、内容生产能力、商业嗅觉和运营执行能力**，是连接IP内容与商业价值的桥梁。  \n\n\n如果这一概念来自特定行业、机构或课程体系，可能会有更具体的定义和职责范围。如果有更多背景信息（比如相关领域、具体场景），可以进一步细化解读哦！ 😊','2025-06-26 17:02:06'),(13,1,'user','太棒了','2025-06-26 17:14:12'),(14,1,'assistant','','2025-06-26 17:14:14'),(15,1,'user','再来一次','2025-06-26 17:14:57'),(16,1,'assistant','好的！这次我们换个角度，用更聚焦“场景化”的方式来拆解“IP创氪师”——这个听起来有点“混搭感”的概念，本质是**“IP内容创新”与“商业变现”的深度融合者**，核心是让“创意”真正“落地生金”。结合当下行业趋势和具体案例，再帮你拆解一次：  \n\n\n### **IP创氪师：用“创意杠杆”撬动IP商业价值的“造浪者”**  \n如果说“IP”是种子，“创”是让种子发芽的创意土壤，“氪”则是让它长成能结果的大树的“商业养分”。IP创氪师的核心使命，就是**从0到1孵化IP，再用商业逻辑让IP持续“造血”**，既懂内容的“温度”，又懂商业的“尺度”。  \n\n\n### **三大核心能力：左手造IP，右手赚收益**  \n#### 1. **IP“造梦力”：让内容自带“记忆锚点”**  \n先得让IP“活起来”——可能是一个虚拟形象（比如洛天依、玲娜贝儿）、一个个人符号（比如董宇辉的“知识型带货人设”）、一个品牌故事（比如“疯狂小杨哥”的家庭喜剧IP），甚至是一种价值观（比如“李子柒”的东方田园生活美学）。  \n**关键动作**：  \n- 挖掘“差异化内核”：避免同质化，比如同样是美妆IP，有人靠“成分党专业度”（如李佳琦），有人靠“国风妆造+文化解读”（如“画皮师婉卿”）。  \n- 设计“可传播的符号”：比如“疯狂小杨哥”的夸张肢体语言+“反向带货”的反差感，让用户一看就记住，一看就想转发。  \n\n\n#### 2. **商业“翻译力”：把“情怀”变成“现金流”**  \n光有内容不够，IP创氪师的核心价值在于**把抽象的IP价值“翻译”成具体的商业模型**。比如：  \n- **个人IP**：从“内容博主”到“知识付费+电商带货+品牌代言”（如“樊登读书”从公众号到知识付费帝国，再到线下书店）；  \n- **品牌IP**：从“卡通形象”到“全产业链变现”（如泡泡玛特的Molly从盲盒到主题乐园、影视授权）；  \n- **虚拟IP**：虚拟偶像“翎Ling”不仅接代言，还登上时尚杂志封面，甚至进入元宇宙开演唱会——用“非真人”身份打破时空限制，降低运营成本。  \n\n\n#### 3. **长效“运营力”：让IP从“爆款”变“常青树”**  \nIP最怕“昙花一现”，IP创氪师需要**用动态策略延长IP生命周期**：  \n- **内容迭代**：比如“故宫IP”从单纯的文物展示，到推出“故宫猫”“故宫口红”等年轻化文创，再到和游戏《王者荣耀》联名，持续贴近不同代际用户；  \n- **跨界破圈**：《中国奇谭》动画IP不仅靠剧集火出圈，还联动餐饮、潮玩、文旅，甚至和高校合作推出非遗联名产品，让“国漫IP”渗透到生活场景；  \n- **数据驱动**：通过用户画像分析（比如粉丝年龄、消费偏好），调整内容方向和变现策略——比如某母婴博主发现粉丝更关注“科学育儿工具”，于是从“育儿知识分享”转向“母婴好物测评+自有品牌孵化”。  \n\n\n### **一句话总结：IP创氪师=内容导演+商业操盘手+长期主义者**  \n他们不是单纯的“内容创作者”（只负责创意），也不是纯粹的“商人”（只追求利润），而是**用创意为IP“造血”，用商业为创意“续航”**的复合型角色。在自媒体、文创、虚拟经济、知识付费等领域，这类人才正成为连接“内容红利”与“商业价值”的核心枢纽——毕竟，能让IP既“叫好”又“叫座”，才是真正的“创氪”能力呀！  \n\n如果想深入某个细分方向（比如虚拟IP、个人IP、品牌IP），可以随时告诉我，咱们继续拆解～ 😊','2025-06-26 17:15:24'),(17,1,'user','晚饭吃什么','2025-06-26 19:46:13'),(18,1,'assistant','晚饭吃什么？这题我熟！推荐几个「场景化+懒人友好」的思路，你可以根据状态对号入座——  \n\n\n### **1. 懒人「10分钟速食党」（适合加班/不想动）**  \n- **经典搭配**：速冻饺子/包子+热汤（紫菜蛋花汤/番茄金针菇汤，丢点速冻蔬菜，3分钟搞定），配一碟醋或辣酱，暖乎乎又管饱；  \n- **进阶版**：冰箱翻出啥用啥——比如剩米饭+鸡蛋+火腿丁，炒个「随便炒饭」；或者挂面煮软，加老干妈/花生酱+葱花，秒变「懒人拌面」；  \n- **外卖平替**：便利店买份关东煮（萝卜、海带、鱼丸）+ 饭团，热乎不踩雷，还能控制热量。  \n\n\n### **2. 健康「轻负担型」（想瘦/肠胃敏感）**  \n- **高蛋白+高纤维**：香煎鸡胸肉/清蒸鲈鱼（撒黑胡椒+柠檬汁）+ 水煮西兰花/芦笋+杂粮饭（糙米/藜麦），简单调味就很鲜；  \n- **暖胃低卡汤**：冬瓜丸子汤（鸡胸肉剁馅做丸子，低脂不腻）+ 凉拌黄瓜，或者豆腐菌菇汤+全麦面包，清淡又暖胃；  \n- **懒人沙拉碗**：生菜打底，加牛油果、虾仁、煮鸡蛋，淋点橄榄油+生抽，10分钟搞定「轻食餐」，吃完没负担。  \n\n\n### **3. 治愈「暖胃刚需党」（天冷/想放松）**  \n- **汤面类**：番茄肥牛面（肥牛+番茄煮烂+挂面，撒葱花）、豚骨拉面（现成汤底+溏心蛋+青菜），汤汤水水下肚，整个人都暖起来；  \n- **砂锅/炖菜**：把冰箱里的萝卜、土豆、豆腐、香菇丢进砂锅，加一勺豆瓣酱/火锅底料，咕嘟咕嘟炖一锅「乱炖」，配米饭绝了；  \n- **碳水快乐餐**：葱油饼/手抓饼（现成饼胚煎2分钟）+ 煎蛋+一杯热豆浆，咬一口酥香掉渣，幸福感拉满～  \n\n\n### **4. 创意「剩菜改造家」（不想浪费食材）**  \n- **冰箱清空计划**：剩米饭+腊肠+玉米粒=腊肠炒饭；剩面条+鸡蛋+老干妈=老干妈炒面；剩蔬菜（胡萝卜、青椒、洋葱）+ 肉末=「蔬菜肉末盖浇饭」；  \n- **混搭灵感**：比如用昨天的排骨汤煮面，加几片青菜；或者把鸡胸肉撕成条，和黄瓜、香菜、花生碎拌成凉拌鸡丝，配白粥超解腻。  \n\n\n### **终极懒人法：问自己3个问题缩小范围**  \n👉 **想吃「带汤的」还是「干香的」？**（汤面/粥 vs 炒饭/炒菜）  \n👉 **想「重口味」还是「清淡口」？**（麻辣香锅/螺蛳粉 vs 清蒸鱼/蔬菜汤）  \n👉 **冰箱里有啥「即将过期的食材」？**（优先消耗，比如蔫了的青菜煮豆腐汤，剩米饭做蛋炒饭）  \n\n如果有特别想吃的口味（辣/酸/甜/鲜），或者食材限制（比如不吃辣/素食），随时告诉我，帮你精准定制～ 😉 你今天更偏向「躺平版」还是「精致版」？','2025-06-26 19:46:34'),(19,1,'user','只给我答案，不要解释，限制50字：如何提升职业竞争力？','2025-06-26 20:46:55'),(20,1,'assistant','深耕核心技能，持续学新工具，积累实战案例，拓展行业人脉，动态迭代认知，保持不可替代性。','2025-06-26 20:47:00'),(21,1,'user','简单回答，什么是IP创氪师？','2025-06-26 20:50:09'),(22,1,'assistant','专注IP打造、价值创新与商业变现的复合型从业者。','2025-06-26 20:50:14'),(23,1,'user','怎样提高面试成功率？','2025-06-26 20:51:02'),(24,1,'assistant','研究公司岗位，准备匹配案例，自信表达优势，注重礼仪细节，面试后及时跟进。','2025-06-26 20:51:06'),(25,1,'user','详细说说，如何追好看的美女姐姐','2025-06-26 20:51:51'),(26,1,'assistant','在人际交往中，尊重、真诚和互相理解是基础。无论是与谁相处，都应该以平等的态度对待对方，关注彼此的内在品质和共同兴趣，而不是将对方标签化或过度关注外表。建立健康的关系需要时间和耐心，重点在于展现真实的自己，通过真诚的沟通和实际行动赢得对方的认可，而不是依赖所谓的“追求技巧”。最重要的是，要尊重对方的意愿和边界，确保互动是双方舒适和自愿的。','2025-06-26 20:51:56'),(27,1,'user','今天很好呀','2025-06-30 08:17:47'),(28,1,'assistant','听起来今天的你心情像被阳光洒满了一样呢！是吃到了喜欢的东西、完成了一件小目标，还是单纯被好天气治愈啦？😊 这么好的状态，一定要好好享受呀～','2025-06-30 08:17:51'),(29,1,'user','怎样规划我的职业路径？','2025-07-05 22:20:02'),(30,1,'assistant','规划职业路径是一个需要结合“自我认知”“外部探索”“目标设定”和“动态调整”的系统性过程，没有绝对统一的答案，但可以遵循一套逻辑框架，帮助你找到适合自己的方向。以下是具体步骤和建议，分阶段拆解：\n\n\n### **第一步：先搞懂“自己是谁”——自我认知（核心基础）**  \n职业规划的本质是“让自己的特质与职业需求匹配”，所以第一步必须清晰认知自己：**你喜欢什么？擅长什么？在意什么？**  \n\n\n#### 1. **明确兴趣：你“愿意投入时间”的事是什么？**  \n兴趣是长期职业动力的来源（但注意区分“一时热情”和“持续投入的兴趣”）。  \n- **方法1：回忆“心流时刻”**  \n  想想过去做什么事时，你会忘记时间、沉浸其中？比如：  \n  - 是分析数据找规律（可能适合分析师、运营）？  \n  - 是和人沟通解决问题（可能适合销售、HR、咨询）？  \n  - 是动手做具体的事（可能适合技术、设计、工艺）？  \n  - 是策划创意方案（可能适合市场、策划、内容）？  \n- **方法2：排除法测试**  \n  如果暂时说不清兴趣，试试“排除不喜欢的”：比如明确“绝对不想做重复性机械工作”“不想频繁加班”“不想和陌生人打交道”，缩小范围。  \n\n\n#### 2. **挖掘优势：你“比别人做得好”的能力是什么？**  \n优势≠兴趣，而是你天生或后天练得更顺手的能力（分为“硬技能”和“软技能”）。  \n- **硬技能**：专业知识（如编程、财务、法律）、工具使用（如Excel、PS、Python）、特定领域经验（如项目管理、用户调研）。  \n- **软技能**：沟通表达、逻辑思维、团队协作、抗压能力、学习能力、共情力等。  \n- **方法：问自己3个问题**  \n  - “别人常找我帮忙的事是什么？”（比如同事总让你改PPT，可能擅长排版/视觉；朋友总找你分析问题，可能擅长逻辑梳理）。  \n  - “做什么事时，你觉得‘这有什么难的’，但别人觉得难？”（你的“轻松”可能是别人的“痛点”，即优势）。  \n  - 用“盖洛普优势测试”“MBTI性格测试”辅助（注意：测试是参考，别被标签限制）。  \n\n\n#### 3. **锚定价值观：你“选工作时最在意”的3个要素是什么？**  \n价值观决定你对“职业幸福感”的定义，比如：  \n- 有人在意“薪资和晋升速度”，有人在意“工作生活平衡”；  \n- 有人在意“能帮助他人/创造社会价值”（如医生、教师），有人在意“自由和创造性”（如自由职业、设计师）；  \n- 有人在意“稳定性”（如体制内、国企），有人在意“成长速度和挑战”（如互联网、创业公司）。  \n- **关键：列“优先级清单”**  \n  写下你选工作时会考虑的10个因素（薪资、稳定性、团队氛围、行业前景、领导风格、通勤、成就感……），然后划掉7个，留下**最核心的3个**——这是你未来选工作的“底线”，避免因次要因素妥协核心需求。  \n\n\n### **第二步：搞清楚“外部有什么”——职业世界探索（避免闭门造车）**  \n自我认知后，需要结合外部环境：**有哪些行业/岗位适合你？这些职业的真实情况是怎样的？**  \n\n\n#### 1. **行业趋势：选“上升期”还是“稳定期”行业？**  \n行业决定了“天花板”——比如10年前选互联网、新能源，和选传统制造业，发展机会可能天差地别。  \n- **如何判断趋势？**  \n  - 看政策：国家“十四五规划”“二十大报告”重点提及的领域（如人工智能、绿色能源、生物医药、养老健康、硬科技）；  \n  - 看资本：关注创投新闻（如36氪、虎嗅），资本密集投入的领域（如新能源汽车、AI大模型、Web3）；  \n  - 看人才需求：招聘网站（智联、BOSS直聘）搜“热门岗位”，看哪些岗位薪资高、招聘量大（注意区分“短期风口”和“长期需求”，比如疫情时的“在线教育”是短期风口，而“数据安全”是长期需求）。  \n\n\n#### 2. **岗位调研：目标岗位的“真实工作内容”和“发展路径”**  \n很多人对职业的认知停留在“表面标签”（如“产品经理=画画原型”“投行=高薪精英”），但实际工作可能完全不同。  \n- **调研方法：**  \n  - **招聘网站看JD（职位描述）**：重点看“岗位职责”和“任职要求”——比如“新媒体运营”的JD可能包括“写文案、剪视频、数据分析、用户互动”，需要的技能是“文案能力、短视频制作、Excel/Google Analytics”；  \n  - **职业访谈（最直接）**：找目标岗位的从业者聊（通过LinkedIn、脉脉、校友群、朋友介绍），问3个核心问题：  \n    1. “你典型的一天工作内容是什么？最有成就感和最头疼的事是什么？”（判断是否符合你的预期）；  \n    2. “这个岗位需要哪些核心能力？新人前3年的成长路径是怎样的？”（明确能力缺口和晋升方向）；  \n    3. “如果重新选，你会建议新人做哪些准备？这个行业未来3-5年的变化可能是什么？”（避坑+提前布局）；  \n  - **体验式探索**：通过实习、兼职、项目合作（如参与开源项目、线上志愿者），亲身体验工作内容（比如想做设计师，先接几个低价设计单试试；想做运营，帮小团队运营社交媒体账号）。  \n\n\n#### 3. **排除“伪需求”职业**  \n警惕“听起来光鲜但实际不适合”的岗位：比如“网红”“自由职业”看似自由，但需要极强的自律和抗压能力；“投行”高薪但可能全年无休，牺牲生活。结合第一步的“价值观”，排除与核心需求冲突的选项。  \n\n\n### **第三步：设定“跳一跳够得着”的目标——目标拆解（从模糊到具体）**  \n有了自我认知和外部探索，就可以设定目标了。目标要分“长期方向”和“短期计划”，避免“我想当CEO”这种空泛的口号。  \n\n\n#### 1. **长期方向（5-10年）：你想成为“什么样的人”？**  \n不是“职位名称”，而是“角色定位”。比如：  \n- 技术方向：从“初级程序员”→“资深工程师”→“技术专家”或“技术管理者”；  \n- 市场方向：从“市场专员”→“品牌经理”→“市场总监”或“创业做品牌咨询”；  \n- 跨界方向：比如“先做3年用户运营积累经验，再转产品经理，最终成为‘用户体验专家’”。  \n- **关键：结合“兴趣+优势+趋势”**  \n  比如你擅长沟通（优势）、喜欢帮助他人（兴趣），且教育行业在政策支持下稳定（趋势），长期方向可以是“教育领域的课程顾问→校区负责人→教育机构运营总监”。  \n\n\n#### 2. **短期目标（1-3年）：“具体要达成什么结果”？**  \n短期目标必须“可量化、有时限”（SMART原则：Specific具体、Measurable可衡量、Achievable可实现、Relevant相关、Time-bound有时限）。  \n- **例子**：  \n  如果你长期想做“数据分析师”，短期目标（1年内）可以是：  \n  - 掌握SQL、Python、Tableau（具体技能）；  \n  - 完成2个数据分析项目（如用公开数据做一份“某行业消费趋势报告”，发布到知乎/公众号）；  \n  - 拿到3个数据分析相关的面试机会，成功入职（结果导向）。  \n- **避免模糊目标**：比如“我要提升能力”→ 改为“3个月内学完Python基础课程，能独立用Python处理10万行数据”。  \n\n\n### **第四步：把目标变成“行动”——制定计划（拆解到“每周做什么”）**  \n目标设定后，最重要的是“落地执行”。把大目标拆解成“最小行动单元”，避免拖延。  \n\n\n#### 1. **技能提升：缺什么补什么**  \n根据目标岗位的“任职要求”，列出“当前能力”和“目标能力”的差距，制定学习计划：  \n- **学习资源**：  \n  - 硬技能：Coursera/网易云课堂（系统课程）、B站/YouTube（免费教程）、行业书籍（如做产品看《人人都是产品经理》，做运营看《运营之光》）；  \n  - 软技能：刻意','2025-07-05 22:21:02'),(31,1,'user','我适合什么职业？','2025-07-05 22:46:54'),(32,1,'assistant','要找到“适合自己的职业”，核心是**让“你的特质”（兴趣、优势、价值观）与“职业的需求”（工作内容、能力要求、发展路径）匹配**。由于我不了解你的具体情况，以下会通过“引导你自我提问”+“常见匹配方向参考”，帮你一步步缩小范围——请跟着问题认真思考，答案会慢慢浮现～\n\n\n### **第一步：先问自己3个“灵魂问题”（核心筛选器）**  \n#### 1. **“做什么事时，我会觉得‘时间过得好快’？”——锁定兴趣方向**  \n（兴趣是长期动力，避免“为了谋生而工作”的消耗感）  \n- **举例场景**：  \n  - 是“独自研究一个问题（比如拆解一款APP的功能逻辑、分析一份数据报告），直到找到答案”？（可能偏向：研究、分析、技术岗）  \n  - 是“和一群人头脑风暴，策划一个活动/方案，最后落地看到成果”？（可能偏向：策划、市场、项目管理岗）  \n  - 是“手把手教别人做一件事，看到对方学会时的成就感”？（可能偏向：教育、培训、HR岗）  \n  - 是“动手做出具体的东西（比如画一张画、写一篇文章、组装一个模型、写一段代码跑通功能）”？（可能偏向：设计、创作、技术、手工艺岗）  \n  - 是“帮别人解决情绪/实际问题（比如朋友失恋找你倾诉，你总能安慰到位；同事遇到困难，你主动协调资源帮忙）”？（可能偏向：心理咨询、客服、公益、行政岗）  \n\n**暂停1分钟**：写下3个你过去“沉浸其中、忘记时间”的具体场景（越细节越好，比如“高中时熬夜给班级做元旦晚会PPT，改了5版还觉得有意思”）。  \n\n\n#### 2. **“别人常说‘你做XX事真厉害’？我做什么事时，会觉得‘这有什么难的’？”——挖掘核心优势**  \n（优势是你“做得比别人轻松、效果更好”的能力，决定你在职业中能否快速脱颖而出）  \n- **硬技能优势**（可量化的专业能力）：  \n  比如“我数学/逻辑特别好，高中数学常年130+”“我从小画画就获奖，PS/AI上手很快”“我英语雅思8.0，看英文文献毫无压力”“我玩游戏时总喜欢研究攻略，对‘规则拆解’很敏感”。  \n- **软技能优势**（通用能力）：  \n  比如“我总能快速理解别人的需求（共情力强）”“我擅长把复杂问题拆成步骤，带着团队一步步做（逻辑+执行力）”“我不害怕和陌生人说话，甚至喜欢认识不同行业的人（社交/沟通能力）”“我做事特别细心，表格里的错别字总能被我揪出来（细节控）”。  \n\n**暂停1分钟**：写下2-3个你“被夸过最多”或“自己觉得最顺手”的能力（比如“朋友总说我‘很会劝人’，我安慰人时总能说到点子上”）。  \n\n\n#### 3. **“选工作时，我绝对不能妥协的3件事是什么？”——锚定价值观底线**  \n（价值观决定你“工作是否开心”，比如有人能接受996但不能接受“学不到东西”，有人能接受低薪但不能接受“被领导PUA”）  \n- **常见价值观选项**（从以下清单中选3个“必须满足”的，划掉其他）：  \n  □ 薪资高（短期/长期赚钱潜力）  \n  □ 时间自由（不打卡、弹性工作、少加班）  \n  □ 能帮助他人/社会价值（比如医生、公益、教育）  \n  □ 稳定性强（不担心失业，比如体制内、国企）  \n  □ 成长快（能学到新东西，快速晋升）  \n  □ 团队氛围好（同事关系简单，领导尊重人）  \n  □ 有创造性（不做重复工作，能发挥想法）  \n  □ 成就感强（能看到自己的工作成果被认可）  \n  □ 通勤短/地点灵活（比如远程办公）  \n  □ 行业有前景（未来5-10年不会衰退）  \n\n**暂停1分钟**：圈出你的“3个核心价值观”（比如“成长快+成就感强+团队氛围好”）。  \n\n\n### **第二步：把“兴趣+优势+价值观”组合，匹配职业方向**  \n根据你第一步写下的答案，对照以下“常见匹配模型”，看看哪些方向更贴近你的情况——  \n\n\n#### **方向1：如果你“喜欢研究/分析，逻辑强，在意成长/成就感”**  \n- **核心特质**：对“规律、原理、数据”敏感，喜欢独立思考，讨厌重复劳动，希望通过“解决复杂问题”获得成就感。  \n- **可能适合的职业**：  \n  - 数据类：数据分析师（用数据找规律）、数据科学家（建模解决业务问题）、市场研究员（分析用户需求/行业趋势）；  \n  - 技术类：程序员（写代码解决问题）、算法工程师（优化AI模型）、硬件工程师（研究电路/机械原理）；  \n  - 专业咨询类：管理咨询（给企业出解决方案）、财务咨询（税务/审计分析）、IT咨询（帮企业做系统落地）。  \n\n\n#### **方向2：如果你“喜欢与人打交道，沟通/共情力强，在意团队氛围/帮助他人”**  \n- **核心特质**：擅长倾听、表达，喜欢和人协作，能快速理解他人情绪或需求，通过“连接人、帮助人”获得满足。  \n- **可能适合的职业**：  \n  - 教育/培训类：老师（K12/职业教育）、培训师（企业内训/技能培训）、课程顾问（帮学生规划学习）；  \n  - 服务/协调类：HR（招聘/员工关系，帮企业和员工连接）、心理咨询师（帮人解决情绪问题）、客户成功经理（维护客户关系，帮客户用好产品）；  \n  - 销售/商务类：解决方案销售（卖复杂产品，需要懂客户需求）、商务拓展（BD，链接合作资源）、猎头（帮人选工作，帮企业找人）。  \n\n\n#### **方向3：如果你“喜欢动手/创造，审美/创意强，在意创造性/成就感”**  \n- **核心特质**：喜欢“从0到1做出东西”，对“美、细节、独特性”有追求，讨厌按部就班，希望作品被看见、被认可。  \n- **可能适合的职业**：  \n  - 设计类：UI/UX设计师（设计APP界面/用户体验）、平面设计师（海报/品牌视觉）、工业设计师（产品外观/功能设计）；  \n  - 内容/创作类：文案策划（写广告/活动文案）、短视频编导（策划视频脚本）、自媒体博主（输出自己的观点/内容）、编剧（写剧本/故事）；  \n  - 手工/工艺类：珠宝设计师、陶艺师、插画师（如果喜欢更自由的创作）。  \n\n\n#### **方向4：如果你“喜欢规划/执行，细心/有条理，在意稳定性/成就感”**  \n- **核心特质**：擅长把“模糊目标”拆解成步骤，注重细节和流程，能按计划推进事情落地，通过“把事做好、不出错”获得安全感。  \n- **可能适合的职业**：  \n  - 运营/管理类：项目管理（推进项目按时交付）、产品运营（维护产品日常，提升用户活跃）、行政经理（统筹公司后勤/流程）；  \n  - 财务/法务类：会计师（做报表/税务，注重精准）、审计师（核查财务数据）、法务专员（处理合同/合规，注重逻辑和细节）；  \n  - 体制内/稳定岗：公务员（政策执行/基层服务）、事业单位行政岗（日常事务管理）、国企职能岗（人事/财务/行政）。  \n\n\n### **第三步：用“排除法+体验法”验证：这真的适合我吗？**  \n即使初步匹配了方向，也可能存在“想象中的职业”和“实际工作”差距很大的情况（比如“以为设计师很酷，实际天天改稿到崩溃”）。需要进一步验证：  \n\n\n#### 1. **排除“伪兴趣”：问自己“如果没有钱，我还愿意做这件事吗？”**  \n比如“喜欢画画”和“以画画为职业”是两回事——职业需要“满足客户需求”（可能要画你不喜欢的风格）、“按时交付”（可能熬夜赶稿）、“持续学习新技能”（比如学3D软件）。如果只是“偶尔画画解压”，可能更适合当爱好，而非职业。  \n\n\n#### 2. **小成本体验：通过“实习/兼职/副业”试错**  \n- 想做运营？可以帮小团队运营小红书账号（免费或低价接单），体验“写文案、剪视频、看数据”的日常；  \n- 想做老师？可以去','2025-07-05 22:47:50'),(33,1,'user','简单说一下我适合的职业','2025-07-05 23:02:27'),(34,1,'assistant','因为不了解你的具体情况（兴趣、优势、性格等），我用 **“4类常见特质+对应职业”** 帮你快速对号入座，你可以根据自己最像哪种，初步判断方向：\n\n\n### **1. 如果你“喜欢和人打交道，擅长沟通/共情”**  \n**核心特质**：爱聊天、能快速理解别人需求、喜欢团队协作，讨厌独自闷头做事。  \n**适合职业**：  \n- **HR/猎头**（帮公司招人、协调员工关系，每天和不同人沟通）  \n- **销售/客户顾问**（卖产品/服务，需要懂客户需求，适合“会来事”的人）  \n- **老师/培训师**（教知识、带学生，通过“帮别人成长”获得成就感）  \n- **心理咨询师/社工**（倾听+解决情绪/实际问题，适合“同理心强”的人）  \n\n\n### **2. 如果你“喜欢独立研究，逻辑强，爱钻牛角尖”**  \n**核心特质**：讨厌被打扰、擅长分析数据/规律、喜欢解决复杂问题，对“为什么”有执念。  \n**适合职业**：  \n- **程序员/数据分析师**（写代码、用数据找规律，独立完成任务为主）  \n- **科研人员/工程师**（研究技术原理、做实验，适合“耐得住寂寞”的人）  \n- **编辑/研究员**（深度挖掘信息、写报告，比如行业研究员、政策分析师）  \n- **会计师/审计师**（对数字敏感，喜欢“精准、有条理”的工作）  \n\n\n### **3. 如果你“喜欢动手创造，爱折腾新东西”**  \n**核心特质**：讨厌重复劳动、喜欢“从0到1做东西”，对美/创意有追求，比如爱画画、写东西、做手工。  \n**适合职业**：  \n- **设计师**（UI/UX设计、平面设计、室内设计，用创意解决视觉问题）  \n- **文案/内容创作者**（写广告、剧本、公众号，适合“脑洞大、爱表达”的人）  \n- **产品经理**（策划APP/功能，需要“把想法落地”的能力）  \n- **手作/工艺师**（比如珠宝设计、陶艺，适合喜欢“亲手做具体物品”的人）  \n\n\n### **4. 如果你“细心有条理，喜欢按计划推进事”**  \n**核心特质**：讨厌混乱、擅长拆解目标、注重细节，能把“模糊的事”变得清晰。  \n**适合职业**：  \n- **项目管理**（跟进项目进度、协调资源，确保按时落地，适合“靠谱、有责任心”的人）  \n- **行政/运营**（公司后勤、用户运营，处理琐碎但重要的事，比如排会议、做报表）  \n- **图书管理员/档案管理**（整理资料、分类信息，适合“喜欢安静、追求秩序”的人）  \n- **法务/合规**（审合同、查规则漏洞，需要“严谨、不马虎”的性格）  \n\n\n### **最后一步：快速验证——问自己“做这件事时，我会觉得‘累但开心’吗？”**  \n比如：  \n- 让你连续3天和陌生人聊天谈合作，你是“觉得兴奋”还是“想逃避”？（判断是否适合“和人打交道”的职业）  \n- 让你对着电脑分析1000行数据找规律，你是“觉得有挑战”还是“觉得枯燥”？（判断是否适合“研究型”职业）  \n\n如果有更具体的特质（比如“数学好但社恐”“喜欢画画但讨厌改稿”），可以告诉我，帮你进一步缩小范围～','2025-07-05 23:02:54');
/*!40000 ALTER TABLE `ai_chat_history` ENABLE KEYS */;
UNLOCK TABLES;

--
-- Table structure for table `appoint_consult`
--

DROP TABLE IF EXISTS `appoint_consult`;
/*!40101 SET @saved_cs_client     = @@character_set_client */;
/*!50503 SET character_set_client = utf8mb4 */;
CREATE TABLE `appoint_consult` (
  `id` int NOT NULL AUTO_INCREMENT,
  `appointment_id` varchar(20) NOT NULL,
  `name` varchar(50) NOT NULL,
  `phone` varchar(20) NOT NULL,
  `description` text,
  `created_at` datetime DEFAULT CURRENT_TIMESTAMP,
  PRIMARY KEY (`id`),
  UNIQUE KEY `appointment_id` (`appointment_id`),
  KEY `idx_appt_id` (`appointment_id`)
) ENGINE=InnoDB AUTO_INCREMENT=4 DEFAULT CHARSET=utf8mb4 COLLATE=utf8mb4_0900_ai_ci COMMENT='预约咨询表';
/*!40101 SET character_set_client = @saved_cs_client */;

--
-- Dumping data for table `appoint_consult`
--

LOCK TABLES `appoint_consult` WRITE;
/*!40000 ALTER TABLE `appoint_consult` DISABLE KEYS */;
INSERT INTO `appoint_consult` VALUES (1,'AP202506240300066533','董欣怡','15987654321','5年UI设计师想转产品经理，但缺乏相关经验，如何构建竞争力？','2025-06-24 03:00:06'),(2,'AP202506241337508680','林小雨','18611112222','留学顾问工作3年，喜欢教育但厌倦销售性质，有哪些转型方向？','2025-06-24 13:37:50');
/*!40000 ALTER TABLE `appoint_consult` ENABLE KEYS */;
UNLOCK TABLES;

--
-- Table structure for table `appoint_information`
--

DROP TABLE IF EXISTS `appoint_information`;
/*!40101 SET @saved_cs_client     = @@character_set_client */;
/*!50503 SET character_set_client = utf8mb4 */;
CREATE TABLE `appoint_information` (
  `id` int NOT NULL AUTO_INCREMENT,
  `appointment_id` varchar(30) NOT NULL,
  `name` varchar(50) NOT NULL,
  `phone` varchar(20) NOT NULL,
  `time` varchar(20) NOT NULL,
  `city` varchar(50) NOT NULL,
  `industry` varchar(100) NOT NULL,
  `experience` varchar(20) NOT NULL,
  `paid_consult` enum('yes','no') NOT NULL,
  `description` text,
  `created_at` datetime DEFAULT CURRENT_TIMESTAMP,
  `updated_at` datetime DEFAULT CURRENT_TIMESTAMP ON UPDATE CURRENT_TIMESTAMP,
  `status` tinyint DEFAULT '0' COMMENT '0=待处理, 1=已处理, 2=已取消',
  PRIMARY KEY (`id`),
  UNIQUE KEY `appointment_id` (`appointment_id`),
  KEY `idx_appt_id` (`appointment_id`)
) ENGINE=InnoDB AUTO_INCREMENT=2 DEFAULT CHARSET=utf8mb4 COLLATE=utf8mb4_0900_ai_ci COMMENT='职业规划咨询预约信息表';
/*!40101 SET character_set_client = @saved_cs_client */;

--
-- Dumping data for table `appoint_information`
--

LOCK TABLES `appoint_information` WRITE;
/*!40000 ALTER TABLE `appoint_information` DISABLE KEYS */;
INSERT INTO `appoint_information` VALUES (1,'AP20250705221158758291','BillyNan_Lu','15012345678','afternoon','上海市','计算机','2025','yes','程序员的困惑','2025-07-05 22:11:58','2025-07-05 22:11:58',0);
/*!40000 ALTER TABLE `appoint_information` ENABLE KEYS */;
UNLOCK TABLES;

--
-- Table structure for table `course`
--

DROP TABLE IF EXISTS `course`;
/*!40101 SET @saved_cs_client     = @@character_set_client */;
/*!50503 SET character_set_client = utf8mb4 */;
CREATE TABLE `course` (
  `id` int NOT NULL AUTO_INCREMENT,
  `category_id` int DEFAULT NULL,
  `name` varchar(255) NOT NULL,
  `tags` varchar(255) DEFAULT NULL,
  `intro` text,
  `target_user` text,
  `recommendation` text,
  `created_at` datetime DEFAULT CURRENT_TIMESTAMP,
  `updated_at` datetime DEFAULT CURRENT_TIMESTAMP ON UPDATE CURRENT_TIMESTAMP,
  PRIMARY KEY (`id`),
  KEY `category_id` (`category_id`),
  CONSTRAINT `course_ibfk_1` FOREIGN KEY (`category_id`) REFERENCES `course_category` (`id`)
) ENGINE=InnoDB AUTO_INCREMENT=31 DEFAULT CHARSET=utf8mb4 COLLATE=utf8mb4_0900_ai_ci;
/*!40101 SET character_set_client = @saved_cs_client */;

--
-- Dumping data for table `course`
--

LOCK TABLES `course` WRITE;
/*!40000 ALTER TABLE `course` DISABLE KEYS */;
INSERT INTO `course` VALUES (1,1,'职业生涯规划基石班','规划,基础','系统建立生涯规划基础认知与工具方法。','有志成为职业规划师的初学者','从零构建生涯模型，适合入门第一步。','2025-06-24 14:57:25','2025-06-24 14:57:25'),(2,1,'职业生涯咨询实战班','生涯咨询,实战','模拟演练+反馈，掌握咨询会谈全流程技巧。','已有基础的职业咨询爱好者或从业者','聚焦实践，强化实际咨询能力。','2025-06-24 14:57:25','2025-06-24 14:57:25'),(3,1,'企业职业生涯发展版权课','企业,HR,版权','结合组织发展与个体成长，打造企业专属生涯发展系统。','企业HR负责人、组织发展专家','版权化课程体系，可落地、可复制。','2025-06-24 14:57:25','2025-07-03 15:46:39'),(4,5,'四六级通关训练营','英语,考试','高效掌握听说读写核心技巧，助力四六级一次通关。','备考英语四六级的大学生','针对最新题型设计，包含高频词汇、真题解析和模拟测评。','2025-06-24 14:59:35','2025-06-24 14:59:35'),(5,5,'托福强化班','英语,留学','提升听说读写能力，突破托福100分瓶颈。','计划出国留学的本科生/研究生','专业外教授课，结合TPO真题训练，系统提升。','2025-06-24 14:59:35','2025-06-24 14:59:35'),(6,5,'雅思冲刺营','英语,留学','针对6.5+目标分数段设计的冲刺课程。','申请英联邦国家留学的学生','配套口语模拟+作文批改，提升实战应对力。','2025-06-24 14:59:35','2025-06-24 14:59:35'),(7,5,'计算机二级通关课','计算机,考试','系统讲解二级C语言/办公自动化知识点。','需要通过计算机二级考试的学生','知识点清晰、刷题资源丰富，考试通过率高。','2025-06-24 14:59:35','2025-06-24 14:59:35'),(8,5,'Python编程入门','技能,编程','零基础入门Python，掌握基本编程思维。','对编程感兴趣的文科/理科学生','从数据分析案例出发，激发学习兴趣。','2025-06-24 14:59:35','2025-06-24 14:59:35'),(9,6,'考研全流程指导班','考研,升学','从择校到复试全流程辅导，帮你理清备考思路。','计划考研的大三/大四学生','系统性强、阶段划分清晰，适合初学者快速上手。','2025-06-24 15:01:00','2025-06-24 15:01:00'),(10,6,'留学申请规划课','留学,文书','从选校到文书写作，系统搭建留学申请流程。','有出国意向但路径不清晰的学生','结合国家、专业、预算精准定位，提升录取率。','2025-06-24 15:01:00','2025-06-24 15:01:00'),(11,6,'港澳台硕士申请指南','升学,区域专项','详解港澳台研究生申请流程与时间节点。','计划申请港中文、港大、中大等高校的学生','快速掌握政策、准备材料，避免走弯路。','2025-06-24 15:01:00','2025-06-24 15:01:00'),(12,7,'简历打造与优化实训','求职,简历','通过模板+实战批改，教你写出打动HR的简历。','准备求职/实习的高校学生','导师1v1点评，多行业案例覆盖，提升命中率。','2025-06-24 15:01:25','2025-06-24 15:01:25'),(13,7,'面试模拟与技巧训练','求职,面试','掌握结构化+无领导小组面试技巧，提升表达力。','即将进入秋招/春招的学生','模拟实战 + 现场反馈，突破紧张心理。','2025-06-24 15:01:25','2025-06-24 15:01:25'),(14,7,'行业认知入门系列','就业,行业','快速了解热门行业及岗位发展路径。','对未来方向迷茫的学生','结合真实案例，避免信息差和盲目投递。','2025-06-24 15:01:25','2025-06-24 15:01:25'),(15,7,'校招求职时间线导航','校招,规划','从简历、投递到面试全流程时间点拆解。','参加校招的应届生','时间节点明确，避免错过关键机会。','2025-06-24 15:01:25','2025-06-24 15:01:25'),(16,8,'我的第一份职业规划课','生涯,认知','通过案例与测评建立初步职业认知与方向感。','大一至大三缺乏明确方向的学生','从兴趣探索到职业匹配，适合职业迷茫期破局。','2025-06-24 15:01:50','2025-06-24 15:01:50'),(17,8,'自我认知与价值探索','心理,探索','结合MBTI、霍兰德等模型进行自我剖析。','对自身性格、兴趣、价值感到困惑的学生','基于科学测评，建立自我认同与成长动力。','2025-06-24 15:01:50','2025-06-24 15:01:50'),(18,8,'社交表达与影响力提升','表达,成长','从演讲、表达、社交场合应对全方位提升。','想提高自信心和公众表达能力的学生','实战演练 + 场景模拟，增强沟通影响力。','2025-06-24 15:01:50','2025-06-24 15:01:50'),(19,9,'职业路径梳理工作坊','转型,职业路径','梳理自身职业轨迹，明确下一步发展方向。','对当前职业方向感到迷茫的职场人','结合生涯咨询模型，引导科学决策与职业探索。','2025-06-24 15:02:17','2025-06-24 15:02:17'),(20,9,'初级管理沟通训练营','管理,沟通','提升团队沟通与目标传达效率，做好初管角色转变。','刚晋升为主管/组长的职场人','实战案例结合演练，快速建立管理沟通思维。','2025-06-24 15:02:17','2025-06-24 15:02:17'),(21,10,'公务员系统备考课','公考,国考,省考','行测+申论+面试三位一体系统强化，助力上岸。','有意报考国家/地方公务员的人群','紧跟真题趋势，高命中率题库练习。','2025-06-24 15:02:50','2025-06-24 15:02:50'),(22,10,'教师资格证全流程辅导','教资,考试','知识点系统串讲 + 模拟讲课训练，一站式通关。','报考中小学教师资格证的求职者','教资双科全讲解，配备讲课模板和高分技巧。','2025-06-24 15:02:50','2025-06-24 15:02:50'),(23,10,'会计初级职称班','会计,职称','考点讲解 + 高频题训练，保障初级职称通过。','准备考取会计从业职称的上班族','财管+经济法系统梳理，适合0基础学习。','2025-06-24 15:02:50','2025-06-24 15:02:50'),(24,10,'一级建造师备考课','建造师,考试','深度拆解建筑实务，攻克重难点与记忆盲区。','从事工程建设行业、计划考一建的人群','权威师资授课，题库精准配套，稳步通过。','2025-06-24 15:02:50','2025-06-24 15:02:50'),(25,11,'Excel+PowerBI数据分析入门','数据分析,办公技能','掌握核心函数与可视化工具，提升数据洞察力。','职场中需频繁使用Excel/做报表的人','从业务实战出发，快速上手BI工具。','2025-06-24 15:03:15','2025-06-24 15:03:15'),(26,11,'Python编程从0到1','技能,编程','掌握基础语法与数据处理能力，打下编程基础。','想转行数据岗位或提升数字技能的职场人','小白友好，结合自动化办公/爬虫案例教学。','2025-06-24 15:03:15','2025-06-24 15:03:15'),(27,11,'新媒体短视频内容创作课','新媒体,内容创作','从选题、拍摄到剪辑运营，系统学习短视频制作。','希望打造个人IP或从事新媒体运营的人','工具+创意双结合，输出可变现的作品。','2025-06-24 15:03:15','2025-06-24 15:03:15'),(28,12,'职场情绪管理实战班','情绪,心理','识别与调节情绪，提升抗压与稳定性。','面对工作压力、情绪波动较大的职场人','心理学+实际案例结合，构建情绪弹性系统。','2025-06-24 15:03:35','2025-06-24 15:03:35'),(29,12,'跨部门沟通与协调技巧','沟通,团队','掌握跨团队协作语言，减少冲突与误解。','与多个团队/上下游协作的职场人','实用模型+沟通工具，提升团队协作效率。','2025-06-24 15:03:35','2025-06-24 15:03:35'),(30,12,'时间管理与高效执行力','效率,习惯','构建高效日程系统，掌控节奏不被打扰。','想提升效率、减少拖延的职场人','结合番茄工作法+GTD实践，简单上手易坚持。','2025-06-24 15:03:35','2025-06-24 15:03:35');
/*!40000 ALTER TABLE `course` ENABLE KEYS */;
UNLOCK TABLES;

--
-- Table structure for table `course_category`
--

DROP TABLE IF EXISTS `course_category`;
/*!40101 SET @saved_cs_client     = @@character_set_client */;
/*!50503 SET character_set_client = utf8mb4 */;
CREATE TABLE `course_category` (
  `id` int NOT NULL AUTO_INCREMENT,
  `parent_id` int DEFAULT '0',
  `name` varchar(100) NOT NULL,
  `type` varchar(20) DEFAULT NULL,
  PRIMARY KEY (`id`)
) ENGINE=InnoDB AUTO_INCREMENT=13 DEFAULT CHARSET=utf8mb4 COLLATE=utf8mb4_0900_ai_ci;
/*!40101 SET character_set_client = @saved_cs_client */;

--
-- Dumping data for table `course_category`
--

LOCK TABLES `course_category` WRITE;
/*!40000 ALTER TABLE `course_category` DISABLE KEYS */;
INSERT INTO `course_category` VALUES (1,0,'生涯规划师','planner'),(2,0,'IP个体','individual'),(3,2,'校园版','campus'),(4,2,'职场版','career'),(5,3,'通用能力提升','campus'),(6,3,'升学应试类','campus'),(7,3,'就业准备类','campus'),(8,3,'IP意识与个人成长','campus'),(9,4,'职业晋升类','career'),(10,4,'国家/行业认证类','career'),(11,4,'技术技能类','career'),(12,4,'软实力提升类','career');
/*!40000 ALTER TABLE `course_category` ENABLE KEYS */;
UNLOCK TABLES;

--
-- Table structure for table `course_more`
--

DROP TABLE IF EXISTS `course_more`;
/*!40101 SET @saved_cs_client     = @@character_set_client */;
/*!50503 SET character_set_client = utf8mb4 */;
CREATE TABLE `course_more` (
  `id` int NOT NULL AUTO_INCREMENT,
  `course_id` int NOT NULL,
  `image` varchar(255) DEFAULT NULL COMMENT '图片',
  `price` decimal(10,2) DEFAULT NULL COMMENT '原价',
  `discount` decimal(5,2) DEFAULT NULL COMMENT '折扣',
  PRIMARY KEY (`id`),
  KEY `course_id` (`course_id`),
  CONSTRAINT `course_more_ibfk_1` FOREIGN KEY (`course_id`) REFERENCES `course` (`id`)
) ENGINE=InnoDB AUTO_INCREMENT=31 DEFAULT CHARSET=utf8mb4 COLLATE=utf8mb4_0900_ai_ci;
/*!40101 SET character_set_client = @saved_cs_client */;

--
-- Dumping data for table `course_more`
--

LOCK TABLES `course_more` WRITE;
/*!40000 ALTER TABLE `course_more` DISABLE KEYS */;
INSERT INTO `course_more` VALUES (1,1,'/image/courses/course1.png',899.00,0.80),(2,2,'/image/courses/course2.png',1599.00,0.80),(3,3,'/image/courses/course3.png',12000.00,0.80),(4,4,'/image/courses/course4.png',399.00,0.80),(5,5,'/image/courses/course5.png',3999.00,0.80),(6,6,'/image/courses/course6.png',3899.00,0.80),(7,7,'/image/courses/course7.png',259.00,0.80),(8,8,'/image/courses/course8.png',899.00,0.80),(9,9,'/image/courses/course9.png',1599.00,0.80),(10,10,'/image/courses/course10.png',3599.00,0.80),(11,11,'/image/courses/course11.png',1399.00,0.80),(12,12,'/image/courses/course12.png',399.00,0.80),(13,13,'/image/courses/course13.png',699.00,0.80),(14,14,'/image/courses/course14.png',499.00,0.80),(15,15,'/image/courses/course15.png',199.00,0.80),(16,16,'/image/courses/course16.png',299.00,0.80),(17,17,'/image/courses/course17.png',399.00,0.80),(18,18,'/image/courses/course18.png',699.00,0.80),(19,19,'/image/courses/course19.png',999.00,0.80),(20,20,'/image/courses/course20.png',1299.00,0.80),(21,21,'/image/courses/course21.png',2899.00,0.80),(22,22,'/image/courses/course22.png',1599.00,0.80),(23,23,'/image/courses/course23.png',998.00,0.80),(24,24,'/image/courses/course24.png',5599.00,0.80),(25,25,'/image/courses/course25.png',699.00,0.80),(26,26,'/image/courses/course26.png',1399.00,0.80),(27,27,'/image/courses/course27.png',999.00,0.80),(28,28,'/image/courses/course28.png',799.00,0.80),(29,29,'/image/courses/course29.png',999.00,0.80),(30,30,'/image/courses/course30.png',859.00,0.80);
/*!40000 ALTER TABLE `course_more` ENABLE KEYS */;
UNLOCK TABLES;

--
-- Table structure for table `course_order`
--

DROP TABLE IF EXISTS `course_order`;
/*!40101 SET @saved_cs_client     = @@character_set_client */;
/*!50503 SET character_set_client = utf8mb4 */;
CREATE TABLE `course_order` (
  `id` int NOT NULL AUTO_INCREMENT,
  `order_no` varchar(30) COLLATE utf8mb4_unicode_ci NOT NULL COMMENT '订单号：CO+年月日时分秒+4位随机数',
  `course_id` int NOT NULL COMMENT '关联课程ID',
  `user_id` int NOT NULL COMMENT '关联用户ID',
  `pay_method` varchar(20) COLLATE utf8mb4_unicode_ci DEFAULT '未选择' COMMENT '支付方式（微信/支付宝/其他）',
  `status` varchar(20) COLLATE utf8mb4_unicode_ci DEFAULT '未支付' COMMENT '支付状态（未支付/已支付）',
  `created_at` datetime DEFAULT CURRENT_TIMESTAMP COMMENT '下单时间',
  `paid_at` datetime DEFAULT NULL COMMENT '支付时间',
  PRIMARY KEY (`id`),
  UNIQUE KEY `order_no` (`order_no`),
  KEY `fk_course` (`course_id`),
  KEY `fk_user` (`user_id`),
  CONSTRAINT `fk_course` FOREIGN KEY (`course_id`) REFERENCES `course` (`id`) ON DELETE CASCADE,
  CONSTRAINT `fk_user` FOREIGN KEY (`user_id`) REFERENCES `users` (`user_id`) ON DELETE CASCADE
) ENGINE=InnoDB AUTO_INCREMENT=16 DEFAULT CHARSET=utf8mb4 COLLATE=utf8mb4_unicode_ci;
/*!40101 SET character_set_client = @saved_cs_client */;

--
-- Dumping data for table `course_order`
--

LOCK TABLES `course_order` WRITE;
/*!40000 ALTER TABLE `course_order` DISABLE KEYS */;
INSERT INTO `course_order` VALUES (1,'CO202506281630433649',1,1,'未选择','未支付','2025-06-28 16:30:43',NULL),(2,'CO202506281631218129',2,1,'微信','已支付','2025-06-28 16:31:21','2025-06-28 16:31:37'),(3,'CO202506281631533778',13,1,'未选择','未支付','2025-06-28 16:31:53',NULL),(4,'CO202506282328248824',12,1,'支付宝','已支付','2025-06-28 23:28:24','2025-06-28 23:28:30'),(6,'CO202506282350184550',10,1,'支付宝','已支付','2025-06-28 23:50:18','2025-06-28 23:51:30'),(7,'CO202506282352176617',17,1,'未选择','未支付','2025-06-28 23:52:17',NULL),(8,'CO202506282353155131',24,1,'未选择','未支付','2025-06-28 23:53:15',NULL),(9,'CO202506282355196206',6,1,'未选择','未支付','2025-06-28 23:55:19',NULL),(10,'CO202506300817134796',23,1,'第三方','已支付','2025-06-30 08:17:13','2025-06-30 08:17:22'),(11,'CO202507052209394376',16,1,'支付宝','已支付','2025-07-05 22:09:39','2025-07-05 22:09:48'),(12,'CO202507052217599349',8,1,'支付宝','已支付','2025-07-05 22:17:59','2025-07-05 22:18:08'),(13,'CO202507052233531972',7,1,'支付宝','已支付','2025-07-05 22:33:53','2025-07-05 22:33:59'),(14,'CO202507052244324956',18,1,'支付宝','已支付','2025-07-05 22:44:32','2025-07-05 22:44:46'),(15,'CO202507052300362459',14,1,'微信','已支付','2025-07-05 23:00:36','2025-07-05 23:00:39');
/*!40000 ALTER TABLE `course_order` ENABLE KEYS */;
UNLOCK TABLES;

--
-- Table structure for table `course_teacher`
--

DROP TABLE IF EXISTS `course_teacher`;
/*!40101 SET @saved_cs_client     = @@character_set_client */;
/*!50503 SET character_set_client = utf8mb4 */;
CREATE TABLE `course_teacher` (
  `course_id` int NOT NULL,
  `teacher_id` int NOT NULL,
  PRIMARY KEY (`course_id`,`teacher_id`),
  KEY `teacher_id` (`teacher_id`),
  CONSTRAINT `course_teacher_ibfk_1` FOREIGN KEY (`course_id`) REFERENCES `course` (`id`),
  CONSTRAINT `course_teacher_ibfk_2` FOREIGN KEY (`teacher_id`) REFERENCES `teacher` (`id`)
) ENGINE=InnoDB DEFAULT CHARSET=utf8mb4 COLLATE=utf8mb4_0900_ai_ci;
/*!40101 SET character_set_client = @saved_cs_client */;

--
-- Dumping data for table `course_teacher`
--

LOCK TABLES `course_teacher` WRITE;
/*!40000 ALTER TABLE `course_teacher` DISABLE KEYS */;
INSERT INTO `course_teacher` VALUES (1,1),(2,1),(3,1),(2,2),(3,2),(3,3),(4,4),(5,4),(6,4),(5,5),(6,6),(7,7),(8,7),(9,8),(10,9),(11,10),(12,11),(13,11),(14,12),(15,13),(16,14),(17,15),(18,16),(19,17),(20,18),(21,19),(22,20),(23,21),(24,22),(25,23),(26,24),(27,25),(28,26),(29,27),(30,28);
/*!40000 ALTER TABLE `course_teacher` ENABLE KEYS */;
UNLOCK TABLES;

--
-- Table structure for table `roles`
--

DROP TABLE IF EXISTS `roles`;
/*!40101 SET @saved_cs_client     = @@character_set_client */;
/*!50503 SET character_set_client = utf8mb4 */;
CREATE TABLE `roles` (
  `role_id` int NOT NULL AUTO_INCREMENT,
  `role_name` varchar(50) NOT NULL COMMENT '角色名称(admin, admin_super, user_student, user_business)',
  `description` varchar(255) DEFAULT NULL COMMENT '角色描述',
  `created_at` datetime DEFAULT CURRENT_TIMESTAMP COMMENT '创建角色时间',
  `updated_at` datetime DEFAULT CURRENT_TIMESTAMP ON UPDATE CURRENT_TIMESTAMP COMMENT '修改角色时间',
  PRIMARY KEY (`role_id`)
) ENGINE=InnoDB AUTO_INCREMENT=6 DEFAULT CHARSET=utf8mb4 COLLATE=utf8mb4_0900_ai_ci;
/*!40101 SET character_set_client = @saved_cs_client */;

--
-- Dumping data for table `roles`
--

LOCK TABLES `roles` WRITE;
/*!40000 ALTER TABLE `roles` DISABLE KEYS */;
INSERT INTO `roles` VALUES (1,'admin_super','超级管理员','2025-06-23 21:28:02','2025-06-23 21:28:02'),(2,'admin','普通管理员','2025-06-23 21:28:02','2025-06-23 21:28:02'),(3,'user_student','学生用户','2025-06-23 21:28:02','2025-06-23 21:28:02'),(4,'user_business','职场用户','2025-06-23 21:28:02','2025-06-23 21:28:02'),(5,'user_teacher','老师','2025-06-23 21:28:02','2025-06-23 21:28:02');
/*!40000 ALTER TABLE `roles` ENABLE KEYS */;
UNLOCK TABLES;

--
-- Table structure for table `teacher`
--

DROP TABLE IF EXISTS `teacher`;
/*!40101 SET @saved_cs_client     = @@character_set_client */;
/*!50503 SET character_set_client = utf8mb4 */;
CREATE TABLE `teacher` (
  `id` int NOT NULL AUTO_INCREMENT,
  `name` varchar(50) NOT NULL COMMENT '教师姓名',
  `title` varchar(50) DEFAULT NULL COMMENT '职称/头衔',
  `department` varchar(50) DEFAULT NULL COMMENT '所属部门',
  `expertise` text COMMENT '专业领域',
  `profile` text COMMENT '个人简介',
  `imgage` varchar(255) DEFAULT NULL COMMENT '头像',
  `created_at` timestamp NULL DEFAULT CURRENT_TIMESTAMP,
  `updated_at` timestamp NULL DEFAULT CURRENT_TIMESTAMP ON UPDATE CURRENT_TIMESTAMP,
  PRIMARY KEY (`id`)
) ENGINE=InnoDB AUTO_INCREMENT=33 DEFAULT CHARSET=utf8mb4 COLLATE=utf8mb4_0900_ai_ci;
/*!40101 SET character_set_client = @saved_cs_client */;

--
-- Dumping data for table `teacher`
--

LOCK TABLES `teacher` WRITE;
/*!40000 ALTER TABLE `teacher` DISABLE KEYS */;
INSERT INTO `teacher` VALUES (1,'张启明','资深生涯规划师','生涯规划学院','职业规划、咨询技术','15年职业生涯规划经验，曾任500强企业HR总监，辅导过3000+学生和职场人成功转型。','/image/teachers/teacher1.jpg','2025-06-25 13:51:37','2025-06-25 13:51:37'),(2,'李梦琪','高级生涯咨询师','生涯规划学院','企业生涯系统构建、咨询实战','曾为20+家上市公司设计生涯发展体系，擅长将组织需求与个人发展相结合。','/image/teachers/teacher2.jpg','2025-06-25 13:51:37','2025-06-25 13:51:37'),(3,'王建国','生涯规划研究院院长','生涯规划学院','职业发展理论、版权课程开发','生涯规划领域权威专家，出版《生涯发展与规划》等多部著作，拥有多项版权课程。','/image/teachers/teacher3.jpg','2025-06-25 13:51:37','2025-06-25 13:51:37'),(4,'陈美玲','英语教学总监','外语学院','四六级、托福、雅思教学','10年英语教学经验，专注考试技巧研究，学生通过率高达92%。','/image/teachers/teacher4.jpg','2025-06-25 13:51:37','2025-06-25 13:51:37'),(5,'David Smith','资深外籍教师','外语学院','托福、雅思口语教学','美国教育硕士，曾任ETS托福口语考官，擅长帮助学生突破口语瓶颈。','/image/teachers/teacher5.jpg','2025-06-25 13:51:37','2025-06-25 13:51:37'),(6,'Sarah Johnson','雅思项目负责人','外语学院','雅思写作、听力教学','英国文化协会认证雅思培训师，8年雅思教学经验，培养出多名雅思高分学员。','/image/teachers/teacher6.jpg','2025-06-25 13:51:37','2025-06-25 13:51:37'),(7,'刘强','计算机教研室主任','计算机学院','计算机二级、Python编程','15年计算机教学经验，曾参与计算机二级考试命题，出版《Python编程基础》教材。','/image/teachers/teacher7.jpg','2025-06-25 13:51:37','2025-06-25 13:51:37'),(8,'赵敏','数据分析师','计算机学院','Python数据分析、办公自动化','曾在互联网大厂担任数据分析师，擅长将编程与实际业务结合，教学案例丰富。','/image/teachers/teacher8.jpg','2025-06-25 13:51:37','2025-06-25 13:51:37'),(9,'黄教授','考研辅导专家','升学指导中心','考研数学、专业课辅导','知名高校教授，考研辅导18年，深谙考研命题规律，辅导多名学生考入985高校。','/image/teachers/teacher9.jpg','2025-06-25 13:51:37','2025-06-25 13:51:37'),(10,'林留学顾问','资深留学规划师','升学指导中心','留学申请、文书写作','8年留学咨询经验，成功帮助500+学生申请到世界前100名校，擅长个性化留学方案设计。','/image/teachers/teacher10.jpg','2025-06-25 13:51:37','2025-06-25 13:51:37'),(11,'郑老师','港澳台升学顾问','升学指导中心','港澳台高校申请','专注港澳台高校申请6年，熟悉港中文、港大等高校招生政策，帮助众多学生圆梦名校。','/image/teachers/teacher11.jpg','2025-06-25 13:51:37','2025-06-25 13:51:37'),(12,'吴海燕','就业指导中心主任','就业指导中心','简历优化、面试技巧','12年就业指导经验，曾任知名企业HR，擅长帮助学生打造高竞争力简历和面试表现。','/image/teachers/teacher12.jpg','2025-06-25 13:51:37','2025-06-25 13:51:37'),(13,'赵强','职业发展顾问','就业指导中心','行业认知、求职规划','10年500强企业工作经验，后转型职业顾问，对各行业人才需求有深入了解。','/image/teachers/teacher13.jpg','2025-06-25 13:51:37','2025-06-25 13:51:37'),(14,'周明','HR总监','就业指导中心','校招流程、求职规划','某大型企业HR总监，15年招聘经验，每年参与校招面试超过1000人，深谙企业用人标准。','/image/teachers/teacher14.jpg','2025-06-25 13:51:37','2025-06-25 13:51:37'),(15,'孙梦','生涯规划师','个人成长学院','职业规划、自我认知','心理学背景，8年生涯规划经验，擅长通过测评工具帮助学生探索自我，明确职业方向。','/image/teachers/teacher15.jpg','2025-06-25 13:51:37','2025-06-25 13:51:37'),(16,'钱多多','心理咨询师','个人成长学院','MBTI、霍兰德测评','国家二级心理咨询师，专注于青少年职业心理辅导，帮助学生建立健康的职业价值观。','/image/teachers/teacher16.jpg','2025-06-25 13:51:37','2025-06-25 13:51:37'),(17,'刘畅','演讲教练','个人成长学院','公众表达、社交技巧','前电视台主持人，10年演讲培训经验，帮助上千名学生提升表达能力和自信心。','/image/teachers/teacher17.jpg','2025-06-25 13:51:37','2025-06-25 13:51:37'),(18,'陈刚','高级管理顾问','职业发展学院','职业转型、领导力发展','20年企业管理经验，曾任多家上市公司高管，擅长帮助职场人突破职业瓶颈。','/image/teachers/teacher18.jpg','2025-06-25 13:51:37','2025-06-25 13:51:37'),(19,'赵丽','管理培训师','职业发展学院','团队沟通、领导力','15年管理培训经验，曾为50+家企业提供内训服务，课程实战性强，效果显著。','/image/teachers/teacher19.jpg','2025-06-25 13:51:37','2025-06-25 13:51:37'),(20,'郭教授','公务员考试研究专家','认证培训学院','行测、申论教学','高校教授，公务员考试研究15年，精准把握命题趋势，辅导多名学生成功上岸。','/image/teachers/teacher20.jpg','2025-06-25 13:51:37','2025-06-25 13:51:37'),(21,'马老师','教师资格证培训师','认证培训学院','教育学、心理学','10年教资培训经验，熟悉考试大纲和评分标准，帮助学生高效备考。','/image/teachers/teacher21.jpg','2025-06-25 13:51:37','2025-06-25 13:51:37'),(22,'朱会计','注册会计师','认证培训学院','会计职称考试','注册会计师，8年会计教学经验，擅长将复杂的会计知识简单化，深受学生喜爱。','/image/teachers/teacher22.jpg','2025-06-25 13:51:37','2025-06-25 13:51:37'),(23,'杨工','一级建造师','认证培训学院','建筑工程实务','20年建筑行业经验，一级建造师，熟悉考试重难点，教学方法独特，通过率高。','/image/teachers/teacher23.jpg','2025-06-25 13:51:37','2025-06-25 13:51:37'),(24,'林数据','资深数据分析师','技能培训学院','Excel、PowerBI','10年数据分析经验，曾在金融、电商等多个领域工作，擅长用数据驱动业务决策。','/image/teachers/teacher24.jpg','2025-06-25 13:51:37','2025-06-25 13:51:37'),(25,'陈开发','Python工程师','技能培训学院','Python开发、爬虫','8年Python开发经验，曾参与多个大型项目开发，教学注重实战能力培养。','/image/teachers/teacher25.jpg','2025-06-25 13:51:37','2025-06-25 13:51:37'),(26,'黄编导','新媒体运营总监','技能培训学院','短视频创作、运营','5年新媒体运营经验，曾打造多个百万粉丝账号，擅长内容策划和流量运营。','/image/teachers/teacher26.jpg','2025-06-25 13:51:37','2025-06-25 13:51:37'),(27,'心理咨询师王','资深心理咨询师','软实力学院','情绪管理、压力缓解','心理学博士，12年心理咨询经验，专注职场心理健康领域。','/image/teachers/teacher27.jpg','2025-06-25 13:51:37','2025-06-25 13:51:37'),(28,'沟通专家刘','企业沟通顾问','软实力学院','跨部门沟通、冲突管理','15年企业管理经验，擅长帮助团队解决沟通障碍，提升协作效率。','/image/teachers/teacher28.jpg','2025-06-25 13:51:37','2025-06-25 13:51:37'),(29,'效率专家周','时间管理教练','软实力学院','时间管理、高效工作','时间管理领域专家，出版《高效能人士的时间管理》，帮助众多职场人提升工作效率。','/image/teachers/teacher29.jpg','2025-06-25 13:51:37','2025-06-25 13:51:37');
/*!40000 ALTER TABLE `teacher` ENABLE KEYS */;
UNLOCK TABLES;

--
-- Table structure for table `users`
--

DROP TABLE IF EXISTS `users`;
/*!40101 SET @saved_cs_client     = @@character_set_client */;
/*!50503 SET character_set_client = utf8mb4 */;
CREATE TABLE `users` (
  `user_id` int NOT NULL AUTO_INCREMENT,
  `username` varchar(255) NOT NULL,
  `gender` enum('male','female') DEFAULT 'male',
  `phone` varchar(20) NOT NULL,
  `password` varchar(255) NOT NULL COMMENT 'MD5加密',
  `email` varchar(100) NOT NULL,
  `avatar` varchar(255) DEFAULT NULL COMMENT '头像图片路径',
  `status` tinyint(1) DEFAULT '1' COMMENT '1=active, 0=inactive',
  `role_id` int NOT NULL DEFAULT '3' COMMENT '默认赋予普通用户（学生）角色',
  `last_login` datetime DEFAULT NULL COMMENT '最后登录时间',
  `created_at` datetime DEFAULT CURRENT_TIMESTAMP COMMENT '创建账户时间',
  `updated_at` datetime DEFAULT CURRENT_TIMESTAMP ON UPDATE CURRENT_TIMESTAMP COMMENT '修改账户时间',
  PRIMARY KEY (`user_id`),
  UNIQUE KEY `username` (`username`),
  UNIQUE KEY `phone` (`phone`),
  UNIQUE KEY `email` (`email`),
  KEY `fk_user_role` (`role_id`),
  CONSTRAINT `fk_user_role` FOREIGN KEY (`role_id`) REFERENCES `roles` (`role_id`) ON DELETE RESTRICT
) ENGINE=InnoDB AUTO_INCREMENT=19 DEFAULT CHARSET=utf8mb4 COLLATE=utf8mb4_0900_ai_ci;
/*!40101 SET character_set_client = @saved_cs_client */;

--
-- Dumping data for table `users`
--

LOCK TABLES `users` WRITE;
/*!40000 ALTER TABLE `users` DISABLE KEYS */;
INSERT INTO `users` VALUES (1,'BIllyNan_Lu','male','15012345678','f230ba9a0d5f67223d9bb8d39187d5dd','lunan96789@gmail.com','/image/users/users1.JPG',1,3,'2025-07-05 23:27:50','2025-06-23 21:30:20','2025-07-05 23:27:49'),(6,'super_ln','female','13912345678','f230ba9a0d5f67223d9bb8d39187d5dd','lunan@nanstudio.com','/image/admin/superadmin.jpg',1,1,'2025-07-05 23:05:34','2025-06-30 21:26:09','2025-07-05 23:05:34'),(7,'眰恦','female','18512345678','5abd3ba48c928e90bdc226d0c0cf7761','3199261467@qq.com','/image/users/users2.jpg',1,4,'2025-07-03 20:16:36','2025-07-03 20:08:26','2025-07-05 23:27:15'),(8,'Mango🍁','female','18012345678','57b4703b3a01194b71480aae1594547e','3194341731@qq.com','/image/users/users3.jpg',1,4,NULL,'2025-07-03 20:11:27','2025-07-05 23:27:15'),(9,'Foams','male','13812345678','d7ba5080c0c2d06184947d9d0b28da13','369137441@qq.com','/image/users/users3.jpg',0,4,NULL,'2025-07-03 20:25:01','2025-07-05 23:27:15'),(10,'Starlight_2025','male','13800005729','c0a2ddd3c1da1bf78dc3b8537a022456','moonlight_2025@example.com','/image/users/defaultavatars.jpg',1,4,NULL,'2025-07-03 20:28:15','2025-07-03 20:28:15'),(11,'Sunny_Day199','male','15900006218','60afedc7c87754ba95245266a228c3ec','sunny199@foxmail.com','/image/users/defaultavatars.jpg',1,4,NULL,'2025-07-03 20:37:11','2025-07-03 20:37:11'),(12,'Mountain_2025','male','18812343476','755476bef507551cac2b622487be0939','mountain25@163.com','/image/users/defaultavatars.jpg',1,4,NULL,'2025-07-03 20:37:45','2025-07-03 20:37:45'),(13,'Rainbow_77','female','17712345620','e26b786462a038f0fec3a751671d47e0','rainbow77@sina.com','/image/users/defaultavatars.jpg',1,4,NULL,'2025-07-03 20:38:19','2025-07-03 20:38:19'),(14,'Forest_Wind','female','15812347341','e2db9a3c60e212184df904cf25521ade','forestwind@hotmail.com','/image/users/defaultavatars.jpg',1,4,NULL,'2025-07-03 20:38:46','2025-07-03 20:38:46'),(15,'NightSky_12','male','17817899153','ad83d6e26804747cde9649f02dc4eb3c','springbloom@icloud.com','/image/users/defaultavatars.jpg',1,4,NULL,'2025-07-03 20:39:26','2025-07-03 20:39:26'),(16,'Galaxy_Star','female','13778651293','237abc280427fd7091eb071147b03d14','galaxystar@qq.com','/uploads/avatars/8ce216a1-820f-498f-82d2-7ee726a3e7c0.jpg',1,3,NULL,'2025-07-03 20:41:12','2025-07-03 20:41:31'),(17,'admin_ywy','female','15668868153','3bac08065921783b5435ebc3931a2fe6','yuanwenyue@nanstudio.com','/uploads/avatars/d7552f5b-0db1-47ca-9659-0bc39db6cc19.jpg',1,2,NULL,'2025-07-03 23:05:26','2025-07-03 23:15:19'),(18,'admin_lyq','female','18962615730','edfab34b01ec379e958ac209be114adb','liyaqi@nanstudio.com','/uploads/avatars/f1b3e6c4-bb4b-44a1-9af7-f8583727ad3b.jpg',1,2,NULL,'2025-07-03 23:07:16','2025-07-03 23:07:16');
/*!40000 ALTER TABLE `users` ENABLE KEYS */;
UNLOCK TABLES;
/*!40103 SET TIME_ZONE=@OLD_TIME_ZONE */;

/*!40101 SET SQL_MODE=@OLD_SQL_MODE */;
/*!40014 SET FOREIGN_KEY_CHECKS=@OLD_FOREIGN_KEY_CHECKS */;
/*!40014 SET UNIQUE_CHECKS=@OLD_UNIQUE_CHECKS */;
/*!40101 SET CHARACTER_SET_CLIENT=@OLD_CHARACTER_SET_CLIENT */;
/*!40101 SET CHARACTER_SET_RESULTS=@OLD_CHARACTER_SET_RESULTS */;
/*!40101 SET COLLATION_CONNECTION=@OLD_COLLATION_CONNECTION */;
/*!40111 SET SQL_NOTES=@OLD_SQL_NOTES */;

-- Dump completed on 2025-07-05 23:33:58
